Workbook

Sheet HuongDan
A1: Hướng dẫn gán nhãn bộ chuẩn vàng – 80 ghi chú bác sĩ
A2: Bộ nhãn này là ĐÁP ÁN để chấm độ chính xác của bộ rule NLP (README bước 5).
A4: 1. Các sheet trong file
A5: Sheet | B5: Dùng để
A6: HuongDan | B6: Đọc trước: các bước và ý nghĩa từng cột
A7: NhanBenh | B7: Bảng tra 23 nhãn: tên tiếng Việt, cách bác sĩ thường viết
A8: QuyUoc | B8: Các tình huống khó (Q1–Q12), cách chọn mức độ và bên
A9: ViDu | B9: Một ghi chú đã gán nhãn mẫu (không thuộc 80 ghi chú cần gán)
A10: Notes | B10: 80 ghi chú cần gán; cột "da_gan" đếm số dòng đã nhập (đỏ = chưa gán)
A11: Labels | B11: NƠI NHẬP NHÃN – mỗi phát hiện một dòng, chọn giá trị từ danh sách thả xuống
A13: 2. Các bước
A14: Bước | B14: Việc cần làm
A15: 1 | B15: Đọc sheet NhanBenh, QuyUoc và ví dụ ở sheet ViDu (khoảng 10 phút).
A16: 2 | B16: Ở sheet Notes, đọc lần lượt từng ghi chú.
A17: 3 | B17: Mỗi PHÁT HIỆN được nhắc → nhập 1 dòng ở sheet Labels. Một câu nhắc 2 tầng → 2 dòng.
A18: 4 | B18: Ghi CẢ phát hiện bị phủ định (vd "No evidence of disc herniation") với present = FALSE.
A19: 5 | B19: Ghi chú không có phát hiện nào → 1 dòng finding = none, level = UNSPEC.
A20: 6 | B20: Phân vân → vẫn ghi theo cách hiểu tốt nhất và giải thích ngắn ở cột comment.
A21: 7 | B21: Xong: kiểm tra sheet Notes – không còn ô đỏ ở cột da_gan.
A23: 3. Ý nghĩa các cột ở sheet Labels
A24: Cột | B24: Ý nghĩa | C24: Giá trị cho phép | D24: Ví dụ
A25: patient_id | B25: Mã bệnh nhân (chọn trong danh sách 80 mã ở sheet Notes) | C25: 80 mã gold | D25: 15
A26: level | B26: Tầng đĩa đệm của phát hiện | C26: T12-L1 … L5-S1, UNSPEC | D26: L4-L5
A27: vertebra | B27: Chỉ khi phát hiện gắn với một ĐỐT (vd "L2 vertebral body") | C27: T12, L1 … S1 hoặc để trống | D27: L2
A28: root | B28: Tên rễ thần kinh nếu được nêu (vd "Lt S1 nerve root") | C28: Gõ tay, vd S1 | D28: S1
A29: finding | B29: Loại phát hiện – tra bảng ở sheet NhanBenh | C29: 23 nhãn | D29: disc_bulge
A30: present | B30: TRUE = có; FALSE = bị phủ định ("No evidence of …") | C30: TRUE / FALSE | D30: TRUE
A31: severity | B31: Mức độ – tra bảng ở sheet QuyUoc | C31: unspecified, mild, moderate, severe | D31: mild
A32: side | B32: Bên – tra bảng ở sheet QuyUoc | C32: unspecified, left, right, bilateral, central | D32: left
A33: comment | B33: Ghi chú khi phân vân, hoặc mô tả cho nhãn other | C33: Tự do, ngắn | D33: không chắc tầng
A35: 4. Gán tầng (level)
A36: Tình huống | B36: Gán thế nào
A37: Câu có tầng (L4/5, L4-5, L4-L5 …) | B37: Ghi đúng tầng đó, viết theo dạng chuẩn L4-L5, L5-S1
A38: Câu KHẲNG ĐỊNH không có tầng nhưng nói tiếp câu trước có tầng | B38: Dùng tầng của câu trước
A39: Câu PHỦ ĐỊNH khuôn mẫu không có tầng ("No significant … compression") | B39: UNSPEC (Q12)
A40: Không có tầng nào | B40: UNSPEC (Q7)
A41: "Lt S1 nerve root" | B41: S1 là tên rễ → cột root, KHÔNG phải tầng
A42: "L2 vertebral body" | B42: Cột vertebra = L2, level = UNSPEC (trừ khi câu có tầng đĩa)
A44: 5. Làm độc lập
A45: Hai người gán riêng (copy thành gold_labels_A.xlsx, gold_labels_B.xlsx), không trao đổi trước khi xong; sau đó so sánh, thống nhất thành gold_labels_final.xlsx.

Sheet NhanBenh
A1: Bảng tra nhãn (cột finding)
A2: Tra cột "Cách bác sĩ thường viết" khi gặp cụm từ trong ghi chú.
A4: Nhãn (finding) | B4: Tên tiếng Việt | C4: Cách bác sĩ thường viết | D4: Ghi chú
A5: disc_bulge | B5: Phồng đĩa đệm | C5: disc bulge, diffuse bulge, bulging
A6: disc_protrusion | B6: Lồi đĩa đệm | C6: protrusion, protruding | D6: Lồi khu trú; có thể đi kèm phồng (Q4)
A7: disc_herniation | B7: Thoát vị đĩa đệm | C7: herniation; extruded / sequestrated / detached disc fragment | D7: Chữ "herniation" thường nằm trong câu phủ định. Mảnh đĩa tách rời / đẩy ra = thoát vị (Q3)
A8: thecal_sac_compression | B8: Chèn ép bao màng cứng | C8: compressing / indenting the thecal sac | D8: "abutting" (chạm) KHÔNG phải chèn ép (Q1)
A9: nerve_root_compression | B9: Chèn ép rễ thần kinh | C9: compressing / encroaching (exit) nerve root(s) | D9: "encroaching" = chèn ép (Q2). "Lt S1 nerve root": ghi S1 vào cột root
A10: foraminal_stenosis | B10: Hẹp lỗ liên hợp | C10: narrowing neural foramen; encroaching exit (neural) canal | D10: Exit canal = lỗ liên hợp (Q5)
A11: spinal_canal_stenosis | B11: Hẹp ống sống | C11: canal stenosis, narrowed (spinal) canal | D11: "adequate spinal canal" → FALSE (Q6). "extending to lateral recess" chỉ là vị trí, không phải hẹp
A12: annular_tear | B12: Rách vòng xơ | C12: annular tear, torn annulus, high signal in the annulus
A13: disc_desiccation | B13: Mất nước đĩa đệm | C13: desiccation, dehydrated disc; "dissicating disc material" (viết sai)
A14: muscle_spasm | B14: Co cứng cơ | C14: muscle spasm | D14: Luôn ghi tầng UNSPEC
A15: spondylolisthesis | B15: Trượt đốt sống | C15: spondylolisthesis, listhesis, "L5 over S1" | D15: "L5 over S1" → tầng L5-S1; độ I/II ghi vào comment
A16: endplate_degeneration | B16: Thoái hóa tấm tận | C16: Modic changes, endplate changes / irregular endplates
A17: schmorl_nodes | B17: Nốt Schmorl | C17: Schmorl's node(s) | D17: Thường gắn với đốt → cột vertebra
A18: bone_marrow_lesion | B18: Tổn thương tủy xương | C18: marrow edema / signal change, hemangioma | D18: Thường gắn với đốt → cột vertebra
A19: ligamentum_flavum_hypertrophy | B19: Phì đại dây chằng vàng | C19: ligamentum flavum hypertrophy
A20: facet_arthropathy | B20: Thoái hóa khớp mặt | C20: facet arthropathy / hypertrophy / degeneration
A21: scoliosis | B21: Vẹo cột sống | C21: scoliosis | D21: Luôn ghi tầng UNSPEC
A22: tarlov_cyst | B22: Nang Tarlov | C22: Tarlov cyst, perineural cyst
A23: vertebral_fracture | B23: Gãy / lún đốt sống | C23: fracture, wedging, collapse | D23: Thường gắn với đốt → cột vertebra
A24: osteophyte | B24: Gai xương | C24: osteophyte(s), spur
A25: disc_space_narrowing | B25: Hẹp khoang đĩa | C25: narrowed disc space(s) | D25: Đĩa bị xẹp – đo được trên ảnh
A26: other | B26: Phát hiện cột sống khác | C26: vd hậu phẫu, "degenerative spondylotic changes" | D26: Bắt buộc mô tả ở cột comment
A27: none | B27: Không có phát hiện nào | C27: – | D27: Ghi chú không nhắc phát hiện nào → 1 dòng none

Sheet QuyUoc
A1: Quy ước cho các tình huống khó
A2: Giống README mục 5.5 – dùng chung cho người gán nhãn và bộ rule.
A4: Mã | B4: Gặp câu như thế nào | C4: Gán thế nào | D4: Lý do
A5: Q1 | B5: "abutting" (chạm) thecal sac / nerve root | C5: Ghi chèn ép với present = FALSE | D5: Chạm ≠ đè
A6: Q2 | B6: "encroaching (exit) nerve roots" | C6: nerve_root_compression = TRUE | D6: Bác sĩ dùng thay cho "compressing"
A7: Q3 | B7: "sequestrated / extruded / detached disc fragment" | C7: disc_herniation = TRUE | D7: Theo danh pháp Fardon đây là dạng thoát vị
A8: Q4 | B8: "protrusion on top of disc bulge" | C8: Ghi CẢ HAI: disc_protrusion và disc_bulge | D8: Hai hình thái cùng tồn tại
A9: Q5 | B9: "compressing / encroaching exit (neural) canal" | C9: foraminal_stenosis = TRUE | D9: Exit canal = lỗ liên hợp
A10: Q6 | B10: "adequate spinal canal" | C10: spinal_canal_stenosis, present = FALSE | D10: Câu mô tả bình thường
A11: Q7 | B11: Câu không nhắc tầng nào | C11: level = UNSPEC | D11: Không ghép được với ảnh theo tầng
A12: Q8 | B12: "multilevel … noticeably at L3-L4 & L4-L5" | C12: Chỉ ghi các tầng được nêu tên | D12: Không suy diễn tầng không được viết
A13: Q9 | B13: Tầng chỉ dùng để định vị ("below L4/L5 level") | C13: Ghi tầng đĩa được nêu
A14: Q10 | B14: Tầng không được nhắc | C14: Không ghi gì | D14: Không tự suy ra là bình thường
A15: Q11 | B15: "nerve roots" / "exit nerve roots" / "exit (neural) canals" (số nhiều), không nói bên | C15: side = bilateral | D15: Số nhiều = hai bên; số ít ("exit canal") → unspecified
A16: Q12 | B16: Câu phủ định khuôn mẫu KHÔNG có tầng (vd "No significant thecal sac or nerve root compression", "adequate spinal canal") đứng sau câu có tầng | C16: level = UNSPEC, không lấy tầng của câu trước | D16: Câu khuôn mẫu nói chung cho cả phim
A18: Mức độ (severity) – chỉ cho dòng present = TRUE
A19: Giá trị | B19: Từ trong ghi chú
A20: mild | B20: mild, mildly, minimal, small, slight
A21: moderate | B21: moderate
A22: severe | B22: severe, significant(ly), marked, largely
A23: unspecified | B23: Không có từ chỉ mức độ, hoặc dòng FALSE
A25: Bên (side) – chỉ cho dòng present = TRUE
A26: Giá trị | B26: Từ trong ghi chú
A27: left | B27: left, Lt
A28: right | B28: right, Rt
A29: bilateral | B29: both, bilateral; "nerve roots", "exit canals" số nhiều (Q11)
A30: central | B30: central, median
A31: unspecified | B31: Không nói bên, hoặc dòng FALSE
A33: Chỉ dùng từ gắn với CHÍNH phát hiện đó: "disc protrusion, largely compressing the thecal sac" → "largely" thuộc về chèn ép, không thuộc về protrusion.

Sheet ViDu
A1: Ví dụ gán nhãn – bệnh nhân 4
A2: Ghi chú này thuộc tập phát triển, KHÔNG nằm trong danh sách cần gán.
A4: Ghi chú gốc:
A5: Feature of muscle spasm. Diffuse disc bulges noted at L4/L5 &L5/S1 levels, mildly compressing the thecal sac and encroaching exit nerve roots
A7: patient_id | B7: level | C7: vertebra | D7: root | E7: finding | F7: present | G7: severity | H7: side | I7: giải thích
A8: 4 | B8: UNSPEC | E8: muscle_spasm | F8: TRUE | G8: unspecified | H8: unspecified | I8: Q7: câu không nhắc tầng
A9: 4 | B9: L4-L5 | E9: disc_bulge | F9: TRUE | G9: unspecified | H9: unspecified | I9: Một câu nhắc 2 tầng → mỗi tầng 1 dòng
A10: 4 | B10: L4-L5 | E10: thecal_sac_compression | F10: TRUE | G10: mild | H10: unspecified | I10: "mildly compressing" → mild
A11: 4 | B11: L4-L5 | E11: nerve_root_compression | F11: TRUE | G11: unspecified | H11: bilateral | I11: Q2 "encroaching"; Q11 "roots" số nhiều
A12: 4 | B12: L5-S1 | E12: disc_bulge | F12: TRUE | G12: unspecified | H12: unspecified
A13: 4 | B13: L5-S1 | E13: thecal_sac_compression | F13: TRUE | G13: mild | H13: unspecified
A14: 4 | B14: L5-S1 | E14: nerve_root_compression | F14: TRUE | G14: unspecified | H14: bilateral

Sheet Notes
A1: patient_id | B1: note | C1: da_gan
A2: 13 | B2: L4-5 broad based central and left paracentral disc protrusion is noted compressing thecal sac and narrowing left neural foramen./// L5-S1: broad based degenerative central disc bulge is noted indenting thecal sac but not causing significant nerve root compression or foraminal narrowing.//// dehydrated L4-5 and L5-S1 intervetrebral discs./// vertebral bone marrow signal reconversion is noted. | C2: =COUNTIF(Labels!$A:$A,A2)
A3: 16 | B3: Lumbosacral MRI Features of muscle spasm Dissicating lower disc space noted -Central and left paracentral disc protrusion noted at L4-L5 level compressing the thecal sac and Lt exit nerve root -Diffuse Disc bulges noted at the L5-S1 level , mild compressing the thecal sac and exiting nerve root. | C3: =COUNTIF(Labels!$A:$A,A3)
A4: 26 | B4: LSS MRI No evidence of disc herniation. No signidant thecal sac or nerve root compression noted. | C4: =COUNTIF(Labels!$A:$A,A4)
A5: 27 | B5: L2-3: broad based right paramedin disc extrusion is noted slightly migrating downwards | C5: =COUNTIF(Labels!$A:$A,A5)
A6: 33 | B6: LSS MRI No evidence of disc herniation noted. No significant thecal sac or nerve root compression noted. | C6: =COUNTIF(Labels!$A:$A,A6)
A7: 52 | B7: Lumbosacral MRI Feature of muscle spasm Diffuse disc bulge noted at L3/L4 & and L5-S1levels, mild compressing the thecal sac and mild encroaching exiting neural canal,associated with annular tear at L5-S1 | C7: =COUNTIF(Labels!$A:$A,A7)
A8: 63 | B8: LSS MRI: Feature of muscle spasm. Mild diffuse disc bulges noted at L4/L5&L5/S1 levels , mild compressing thecal sac and exit nerve roots . | C8: =COUNTIF(Labels!$A:$A,A8)
A9: 78 | B9: No evidence of disc herniation. No significant thecal sac or nerve root compression noted. | C9: =COUNTIF(Labels!$A:$A,A9)
A10: 83 | B10: Lumbosacral MRI Diffuse disc bulge noted at L4-5 level compressing the thecal sac and exit neural canals Left paracentral and foraminal disc protrusion noted at L5-S1 level compressing the thecal sac and left exit neural, | C10: =COUNTIF(Labels!$A:$A,A10)
A11: 91 | B11: LSS MRI : scoliosis of lumbar spine noted. dissicating disc materials . Wedging fracture of L2 vertebral body mostly dut to old insult . Grade II spondylolithesis of L4 over L5 level. Diffuse disc bulges noted at L5/S1 level mild compressing thecal sac | C11: =COUNTIF(Labels!$A:$A,A11)
A12: 96 | B12: LSS MRI Lt paracentral disc protrusion noted at L5-S1 level, abutting the thecal sac and Lt S1 nerve root. adequate spinal canal. | C12: =COUNTIF(Labels!$A:$A,A12)
A13: 97 | B13: LSS MRI: feature of muscle spasm. Wide base focal disc bulge , more to Lt sided, noted at L5/S1 level, compressing thecal sac and both exit nerve roots associated with dehydrated disc material. | C13: =COUNTIF(Labels!$A:$A,A13)
... A81: 559 | B81: L3-L4: Mild Rt paracentral disc protrusion abutting the thecal sac. L4-L5: Mild central disc protrusion abutting the thecal sac. L5-S1: Mild Lt paracentral disc protrusion abutting the thecal sac. | C81: =COUNTIF(Labels!$A:$A,A81)

Sheet Labels
A1: patient_id | B1: level | C1: vertebra | D1: root | E1: finding | F1: present | G1: severity | H1: side | I1: comment

Sheet Lists
A1: T12-L1 | C1: disc_bulge | D1: TRUE | E1: unspecified | F1: unspecified
A2: L1-L2 | B2: T12 | C2: disc_protrusion | D2: FALSE | E2: mild | F2: left
A3: L2-L3 | B3: L1 | C3: disc_herniation | E3: moderate | F3: right
A4: L3-L4 | B4: L2 | C4: thecal_sac_compression | E4: severe | F4: bilateral
A5: L4-L5 | B5: L3 | C5: nerve_root_compression | F5: central
A6: L5-S1 | B6: L4 | C6: foraminal_stenosis
A7: UNSPEC | B7: L5 | C7: spinal_canal_stenosis
B8: S1 | C8: annular_tear
C9: disc_desiccation
C10: muscle_spasm
C11: spondylolisthesis
C12: endplate_degeneration
C13: schmorl_nodes
C14: bone_marrow_lesion
C15: ligamentum_flavum_hypertrophy
C16: facet_arthropathy
C17: scoliosis
C18: tarlov_cyst
C19: vertebral_fracture
C20: osteophyte
... C23: none
